customer_id,name,age,income,credit_score,has_credit_card,investment_balance,employment_status,risk_tolerance,monthly_expense,needs_savings_account,needs_cd_account,needs_checking_account,needs_money_market_account
1,Customer 1,56,40795,820,FALSE,213458,Self-employed,High,6449,0,1,1,1
2,Customer 2,28,112498,637,TRUE,67221,Retired,Low,3832,0,0,1,1
3,Customer 3,19,84735,843,TRUE,184779,Employed,Low,4579,0,0,1,1
4,Customer 4,39,96932,785,FALSE,149503,Self-employed,High,6971,0,0,1,1
5,Customer 5,33,84150,739,FALSE,56886,Self-employed,Low,5164,0,0,1,1
6,Customer 6,20,94092,684,FALSE,205041,Retired,High,8941,0,0,1,0
7,Customer 7,43,93148,641,TRUE,17159,Employed,Medium,6569,0,1,1,1
8,Customer 8,31,60920,599,FALSE,52995,Employed,Low,5300,1,0,0,0
9,Customer 9,46,70758,767,FALSE,163678,Self-employed,Medium,7269,0,1,1,1
10,Customer 10,32,119663,764,FALSE,24300,Unemployed,High,4818,0,1,0,0
11,Customer 11,64,34268,829,TRUE,236584,Self-employed,Medium,2906,1,0,1,1
12,Customer 12,32,86228,614,TRUE,198635,Self-employed,Medium,7254,1,0,1,0
13,Customer 13,41,73190,688,TRUE,12666,Self-employed,High,1760,1,0,1,0
14,Customer 14,59,51854,590,FALSE,113569,Self-employed,Medium,8830,0,1,1,1
15,Customer 15,65,60222,611,TRUE,201664,Retired,Medium,8350,0,1,1,1
16,Customer 16,54,33110,680,FALSE,90982,Employed,High,7238,0,1,1,1
17,Customer 17,26,25206,564,TRUE,50015,Retired,Medium,7090,0,0,1,1
18,Customer 18,66,132059,645,TRUE,187116,Retired,High,7031,0,1,1,0
19,Customer 19,60,144324,585,FALSE,153371,Retired,Medium,8687,0,1,1,1
20,Customer 20,59,89044,611,FALSE,243307,Self-employed,High,9472,0,1,1,1
21,Customer 21,37,73925,677,TRUE,125117,Unemployed,High,2887,1,0,1,0
22,Customer 22,18,91842,670,TRUE,119101,Employed,Medium,4266,0,0,1,0
23,Customer 23,50,123098,783,FALSE,61087,Unemployed,Medium,1666,0,1,0,1
24,Customer 24,41,93840,729,FALSE,52733,Retired,Medium,5188,0,1,1,1
25,Customer 25,19,114474,662,TRUE,26736,Retired,Low,1671,0,1,1,0
26,Customer 26,19,137859,603,TRUE,177789,Unemployed,Low,7777,0,1,1,1
27,Customer 27,61,129095,747,FALSE,118906,Unemployed,Low,8570,0,1,1,1
28,Customer 28,55,92863,647,FALSE,22671,Unemployed,High,8956,0,1,1,1
29,Customer 29,26,67107,736,FALSE,56250,Retired,Medium,6124,0,0,1,1
30,Customer 30,20,120742,696,TRUE,214951,Retired,High,6585,0,1,1,1
31,Customer 31,56,125689,678,TRUE,21918,Employed,Low,5777,0,1,1,1
32,Customer 32,52,41646,801,FALSE,111472,Employed,Medium,4900,0,1,1,1
33,Customer 33,18,128727,803,TRUE,7400,Retired,High,7677,0,1,1,0
34,Customer 34,36,40151,757,FALSE,59040,Unemployed,Medium,7981,0,0,1,1
35,Customer 35,28,141336,653,TRUE,213090,Unemployed,High,7376,0,0,1,1
36,Customer 36,46,93497,743,FALSE,23328,Employed,Medium,1523,1,0,1,0
37,Customer 37,65,28987,684,FALSE,107450,Retired,Low,3393,0,1,1,0
38,Customer 38,63,141381,587,FALSE,150810,Employed,Low,3593,1,0,1,0
39,Customer 39,51,73404,835,TRUE,93179,Employed,Medium,8240,0,1,1,1
40,Customer 40,65,70714,553,FALSE,124123,Self-employed,High,7937,0,1,1,1
41,Customer 41,46,107989,555,FALSE,3420,Self-employed,Low,7190,0,1,1,1
42,Customer 42,48,142858,737,FALSE,6102,Self-employed,Low,6240,0,1,0,1
43,Customer 43,20,148007,567,TRUE,231271,Unemployed,Low,7493,0,0,1,1
44,Customer 44,41,136217,837,TRUE,82074,Retired,Medium,3878,1,0,1,1
45,Customer 45,57,131400,848,TRUE,182065,Retired,Medium,5143,0,1,1,1
46,Customer 46,24,114912,585,FALSE,70031,Retired,High,4644,0,0,1,0
47,Customer 47,29,112922,692,FALSE,118834,Retired,High,5432,0,1,1,1
48,Customer 48,39,80609,607,TRUE,95285,Self-employed,High,2276,0,0,1,1
49,Customer 49,50,105135,602,FALSE,185093,Unemployed,Medium,6811,1,1,1,0
50,Customer 50,49,81179,596,TRUE,233841,Unemployed,Medium,1302,0,1,1,1
51,Customer 51,59,108613,696,FALSE,103481,Self-employed,High,1638,0,1,1,0
52,Customer 52,54,57217,666,TRUE,116352,Unemployed,High,1055,1,0,1,0
53,Customer 53,18,71175,675,TRUE,114548,Self-employed,Medium,9717,0,0,1,0
54,Customer 54,56,54375,618,FALSE,69042,Retired,High,9150,0,1,1,1
55,Customer 55,46,86389,769,FALSE,78781,Self-employed,Low,3125,0,1,1,1
56,Customer 56,33,133761,588,FALSE,210677,Retired,Medium,1364,0,0,1,1
57,Customer 57,53,93385,729,FALSE,191232,Retired,High,7809,0,1,1,1
58,Customer 58,62,29611,565,FALSE,91007,Employed,Medium,5621,0,0,1,0
59,Customer 59,44,91387,701,TRUE,4000,Self-employed,Low,6126,0,1,1,1
60,Customer 60,60,145420,817,FALSE,151836,Employed,Medium,6122,1,1,1,1
61,Customer 61,48,28373,802,FALSE,25351,Self-employed,Medium,2646,0,1,1,0
62,Customer 62,43,40305,639,FALSE,89588,Self-employed,Medium,1918,0,0,1,0
63,Customer 63,62,36338,766,FALSE,38756,Employed,Medium,3797,0,0,1,0
64,Customer 64,52,139352,648,TRUE,165983,Employed,Low,7506,0,1,1,0
65,Customer 65,40,32357,773,TRUE,174358,Self-employed,Medium,6870,0,0,1,1
66,Customer 66,52,46352,835,FALSE,131800,Unemployed,Medium,2531,0,1,1,1
67,Customer 67,30,91234,568,TRUE,155538,Retired,High,9172,0,0,1,1
68,Customer 68,26,60270,833,TRUE,139407,Employed,Medium,4345,0,0,1,1
69,Customer 69,52,127795,574,TRUE,197775,Retired,High,8673,0,1,1,1
70,Customer 70,56,109076,730,TRUE,103033,Unemployed,Low,7949,0,1,1,1
71,Customer 71,52,63102,770,FALSE,179208,Unemployed,Low,7882,0,1,1,1
72,Customer 72,61,97592,802,FALSE,39081,Unemployed,Low,2906,0,1,0,1
73,Customer 73,19,108460,578,TRUE,157504,Employed,Low,4086,0,0,1,0
74,Customer 74,69,116792,766,TRUE,165650,Unemployed,High,9152,0,1,1,1
75,Customer 75,56,143874,751,TRUE,4748,Employed,Medium,6750,0,1,1,1
76,Customer 76,45,28709,607,TRUE,52224,Unemployed,Low,9905,1,0,1,0
77,Customer 77,66,48960,666,FALSE,153772,Retired,Medium,2062,0,1,1,1
78,Customer 78,64,45559,762,TRUE,161426,Retired,High,2976,0,1,1,1
79,Customer 79,35,96726,782,TRUE,238964,Self-employed,High,2296,0,0,1,1
80,Customer 80,20,44087,561,FALSE,125899,Retired,High,7229,0,0,1,0
81,Customer 81,25,34337,713,FALSE,33307,Self-employed,Low,8641,0,0,1,0
82,Customer 82,54,29835,741,TRUE,57043,Retired,Medium,1125,0,1,1,1
83,Customer 83,65,107844,595,FALSE,201412,Employed,Medium,5632,0,1,1,1
84,Customer 84,42,90545,835,FALSE,61813,Retired,Medium,7288,0,1,1,1
85,Customer 85,35,33415,788,FALSE,6970,Self-employed,High,4596,0,0,1,1
86,Customer 86,66,71540,647,TRUE,172015,Self-employed,Low,7168,0,1,1,0
87,Customer 87,23,37763,746,TRUE,23574,Unemployed,High,8561,0,0,1,0
88,Customer 88,54,29809,632,FALSE,165888,Employed,High,9258,0,1,1,1
89,Customer 89,62,42100,809,FALSE,92193,Retired,Medium,1232,1,0,1,1
90,Customer 90,48,32239,588,FALSE,49922,Unemployed,High,7371,1,0,1,0
91,Customer 91,29,67944,603,TRUE,173880,Retired,Medium,5206,0,0,1,0
92,Customer 92,64,40254,756,TRUE,53682,Retired,Low,8943,1,0,1,1
93,Customer 93,55,90215,801,FALSE,25934,Unemployed,Medium,7891,1,0,1,0
94,Customer 94,68,86886,798,FALSE,70390,Unemployed,Low,7738,0,0,1,1
95,Customer 95,68,68088,682,FALSE,248592,Unemployed,Medium,3472,0,1,1,1
96,Customer 96,41,127468,583,FALSE,167658,Unemployed,High,3739,0,1,1,0
97,Customer 97,65,70002,660,TRUE,142709,Unemployed,High,6401,0,1,1,1
98,Customer 98,21,135951,733,TRUE,115359,Retired,Low,2761,0,1,1,1
99,Customer 99,68,48954,826,TRUE,39749,Unemployed,Low,1876,0,1,1,1
100,Customer 100,22,129680,561,FALSE,91865,Employed,Low,4812,0,1,1,1
101,Customer 101,44,48624,831,TRUE,186717,Self-employed,Medium,2460,0,1,1,1
102,Customer 102,65,77796,575,TRUE,50428,Unemployed,Medium,2733,0,0,1,0
103,Customer 103,32,25302,676,FALSE,73686,Unemployed,Low,2605,0,0,1,1
104,Customer 104,41,139049,703,TRUE,18030,Retired,High,6622,1,1,1,0
105,Customer 105,60,63638,823,TRUE,46271,Unemployed,Medium,7767,0,1,1,1
106,Customer 106,54,35267,751,FALSE,47915,Unemployed,Medium,7986,1,0,1,0
107,Customer 107,34,28596,761,TRUE,125036,Unemployed,Medium,4517,0,0,1,1
108,Customer 108,64,31371,660,FALSE,81264,Retired,Low,4735,1,0,1,0
109,Customer 109,36,106449,650,FALSE,126394,Unemployed,Low,9434,0,0,1,1
110,Customer 110,62,137581,778,TRUE,72303,Self-employed,Low,3590,0,1,1,1
111,Customer 111,47,81138,644,FALSE,4324,Retired,Low,2063,0,1,1,1
112,Customer 112,41,63110,555,TRUE,238213,Self-employed,Low,5324,0,1,1,1
113,Customer 113,66,137221,611,FALSE,46514,Retired,High,6342,0,0,0,0
114,Customer 114,61,31469,667,FALSE,168048,Unemployed,High,1005,0,0,1,0
115,Customer 115,64,92584,639,FALSE,20618,Self-employed,Low,8489,0,1,1,0
116,Customer 116,30,141714,808,TRUE,87958,Retired,Medium,9659,1,0,1,1
117,Customer 117,61,64809,562,TRUE,108872,Employed,Low,9195,1,0,1,0
118,Customer 118,26,141682,587,TRUE,227645,Unemployed,High,6966,0,1,1,1
119,Customer 119,67,92444,686,TRUE,136487,Retired,High,9837,0,1,1,1
120,Customer 120,39,30951,816,TRUE,15524,Employed,Medium,1117,0,0,1,1
121,Customer 121,36,48930,627,FALSE,215128,Retired,High,3551,0,0,1,1
122,Customer 122,25,100046,653,TRUE,218134,Employed,Low,6560,0,0,1,0
123,Customer 123,32,34184,702,FALSE,149453,Unemployed,Medium,5289,0,0,1,0
124,Customer 124,57,117263,588,TRUE,83122,Self-employed,Low,1846,0,1,1,0
125,Customer 125,69,105910,660,TRUE,131994,Employed,Low,7316,0,0,1,0
126,Customer 126,55,122720,646,FALSE,67779,Retired,Medium,7469,1,1,1,0
127,Customer 127,19,57265,554,TRUE,160558,Unemployed,Low,9915,0,0,1,1
128,Customer 128,62,96895,733,TRUE,14382,Employed,High,1224,0,1,1,1
129,Customer 129,29,28756,679,FALSE,230169,Retired,Low,5208,0,0,1,1
130,Customer 130,44,125420,697,FALSE,55318,Retired,Medium,7283,0,1,1,0
131,Customer 131,43,101077,767,TRUE,91751,Retired,Medium,3048,0,1,1,1
132,Customer 132,60,110451,682,TRUE,238171,Employed,Medium,7233,0,0,1,0
133,Customer 133,26,144797,600,TRUE,34560,Employed,Low,2828,0,1,1,1
134,Customer 134,54,61244,659,TRUE,170354,Employed,Medium,2917,0,1,1,1
135,Customer 135,64,81264,686,TRUE,156222,Self-employed,Medium,5234,0,0,1,0
136,Customer 136,42,124929,624,FALSE,36368,Employed,Low,7988,0,1,1,1
137,Customer 137,60,66914,800,FALSE,46240,Employed,High,3026,0,0,1,0
138,Customer 138,46,119270,699,TRUE,246726,Employed,Low,4744,1,1,1,0
139,Customer 139,37,44816,726,TRUE,62823,Self-employed,Medium,1009,0,0,1,1
140,Customer 140,24,100520,773,FALSE,189138,Employed,Medium,1260,0,1,1,1
141,Customer 141,49,27717,834,FALSE,93607,Retired,Low,7038,0,1,1,1
142,Customer 142,35,58536,627,FALSE,119771,Employed,High,3219,1,0,1,0
143,Customer 143,67,36485,715,FALSE,103177,Retired,Medium,8041,0,1,1,1
144,Customer 144,50,137726,604,TRUE,109575,Retired,Medium,3060,0,1,1,1
145,Customer 145,20,137599,804,TRUE,85595,Retired,Medium,6287,0,1,1,1
146,Customer 146,51,98506,645,FALSE,84458,Self-employed,Low,2619,0,1,1,0
147,Customer 147,38,111925,772,FALSE,16032,Self-employed,Medium,9512,0,1,1,0
148,Customer 148,38,78394,661,FALSE,118865,Self-employed,High,2342,0,0,1,1
149,Customer 149,18,48236,560,TRUE,207990,Employed,Medium,3832,0,0,1,1
150,Customer 150,22,58572,805,FALSE,120674,Retired,Medium,3824,0,0,1,1
151,Customer 151,61,54975,630,TRUE,217215,Self-employed,High,2994,0,1,1,1
152,Customer 152,34,53529,664,TRUE,99608,Self-employed,Medium,4490,1,0,1,0
153,Customer 153,26,80029,827,FALSE,126678,Employed,Low,8984,0,0,1,1
154,Customer 154,28,81133,695,FALSE,157729,Self-employed,Low,2604,0,0,1,0
155,Customer 155,54,122432,625,TRUE,51226,Employed,Low,1235,1,0,1,0
156,Customer 156,48,107565,768,TRUE,74182,Unemployed,High,2908,1,1,1,1
157,Customer 157,34,60737,739,TRUE,192192,Self-employed,Medium,9567,0,0,1,1
158,Customer 158,53,112410,831,TRUE,228071,Unemployed,Low,4530,0,1,1,1
159,Customer 159,51,78302,660,TRUE,59129,Employed,High,6256,0,1,1,1
160,Customer 160,64,138811,776,TRUE,176492,Retired,Medium,3635,0,1,1,1
161,Customer 161,43,130921,622,TRUE,131132,Self-employed,High,9162,1,1,1,0
162,Customer 162,59,135616,588,FALSE,237739,Employed,Low,3560,1,1,1,0
163,Customer 163,51,48051,824,TRUE,152592,Retired,Low,6415,0,1,1,1
164,Customer 164,66,82134,561,FALSE,143326,Retired,Low,4391,0,1,1,1
165,Customer 165,34,26750,747,TRUE,122732,Unemployed,High,6951,0,0,1,1
166,Customer 166,64,52935,815,FALSE,56276,Employed,High,6468,1,0,1,1
167,Customer 167,24,69813,666,FALSE,214513,Retired,Low,9007,0,0,1,0
168,Customer 168,40,124804,631,TRUE,249321,Self-employed,High,7413,1,0,1,0
169,Customer 169,34,114613,708,FALSE,213122,Self-employed,Low,7941,0,1,1,0
170,Customer 170,60,27983,732,FALSE,6640,Unemployed,Low,5820,1,0,1,0
171,Customer 171,46,40317,759,FALSE,211837,Retired,Medium,3898,0,1,1,1
172,Customer 172,52,77393,583,TRUE,226577,Employed,High,8546,0,1,1,1
173,Customer 173,52,121122,588,TRUE,61916,Self-employed,Low,1077,0,1,1,1
174,Customer 174,61,37984,821,FALSE,105373,Retired,Low,8577,0,1,1,1
175,Customer 175,37,37676,614,FALSE,24951,Retired,High,5227,1,0,1,0
176,Customer 176,67,80619,695,TRUE,221165,Unemployed,Medium,1600,0,1,1,1
177,Customer 177,32,105688,689,TRUE,228731,Self-employed,Medium,2065,1,1,1,0
178,Customer 178,56,149343,560,TRUE,80435,Self-employed,Low,3136,0,1,1,1
179,Customer 179,25,81979,612,FALSE,77129,Employed,High,7943,0,0,1,1
180,Customer 180,51,140512,767,FALSE,212484,Self-employed,Medium,8804,0,1,1,1
181,Customer 181,64,91262,726,TRUE,173946,Employed,High,7565,1,0,1,1
182,Customer 182,35,51685,694,FALSE,54028,Self-employed,High,6984,0,0,1,1
183,Customer 183,64,85504,617,TRUE,242615,Unemployed,Low,6142,1,0,1,0
184,Customer 184,45,122820,686,FALSE,29192,Self-employed,Medium,5670,1,0,1,0
185,Customer 185,42,89772,775,FALSE,152826,Employed,Low,3190,1,0,1,1
186,Customer 186,43,66873,586,TRUE,86988,Employed,Medium,3712,0,1,1,1
187,Customer 187,67,34516,773,TRUE,132663,Unemployed,Medium,3192,0,1,1,1
188,Customer 188,51,96719,786,FALSE,198747,Self-employed,Medium,2248,0,1,1,1
189,Customer 189,65,108624,818,FALSE,86206,Self-employed,Medium,5033,0,1,1,1
190,Customer 190,55,78947,556,TRUE,49138,Unemployed,Medium,2997,0,1,1,1
191,Customer 191,40,103249,709,TRUE,92241,Self-employed,High,4687,0,1,1,1
192,Customer 192,19,73845,626,FALSE,226828,Self-employed,Low,5018,0,0,1,0
193,Customer 193,44,91672,782,FALSE,63852,Employed,High,2970,0,1,1,1
194,Customer 194,65,95981,623,FALSE,231758,Self-employed,Medium,9389,0,1,1,1
195,Customer 195,54,30084,827,FALSE,138563,Self-employed,Low,6765,0,1,1,1
196,Customer 196,34,105395,742,FALSE,154893,Unemployed,Medium,2202,1,0,1,1
197,Customer 197,64,49860,753,TRUE,27083,Unemployed,Low,9135,0,1,1,0
198,Customer 198,46,148786,582,TRUE,29241,Retired,High,6567,1,1,1,0
199,Customer 199,51,51029,775,TRUE,213030,Employed,Low,8667,0,1,1,1
200,Customer 200,46,100932,624,FALSE,208330,Self-employed,Low,6742,1,0,1,0
201,Customer 201,20,142584,785,FALSE,159674,Self-employed,Low,6788,0,1,1,1
202,Customer 202,23,124986,806,FALSE,133052,Retired,Low,6408,0,1,1,1
203,Customer 203,66,132288,829,TRUE,230983,Self-employed,Low,9669,1,0,1,1
204,Customer 204,63,140672,694,TRUE,243373,Employed,Medium,1922,0,1,1,1
205,Customer 205,69,64110,730,FALSE,122413,Retired,Low,1419,0,1,1,1
206,Customer 206,42,72837,755,FALSE,8712,Employed,Low,3204,1,0,1,0
207,Customer 207,65,99744,763,FALSE,160831,Retired,High,2120,1,0,1,1
208,Customer 208,34,127471,826,TRUE,193118,Retired,Low,1950,0,0,1,1
209,Customer 209,49,31154,766,TRUE,164053,Unemployed,High,3336,0,0,1,1
210,Customer 210,41,100304,625,FALSE,226389,Employed,Medium,6373,0,1,1,1
211,Customer 211,37,60488,751,TRUE,176076,Self-employed,Low,3243,1,0,1,1
212,Customer 212,69,81985,652,FALSE,75897,Self-employed,High,3645,0,1,1,1
213,Customer 213,51,90641,672,TRUE,125150,Employed,High,5612,0,1,1,1
214,Customer 214,67,115827,813,FALSE,144701,Self-employed,Medium,2865,0,1,1,1
215,Customer 215,24,123762,633,FALSE,205209,Self-employed,Low,7028,0,0,1,0
216,Customer 216,58,147555,563,TRUE,110091,Employed,Low,8326,0,1,1,1
217,Customer 217,62,108186,671,TRUE,214919,Retired,High,7371,0,1,1,1
218,Customer 218,49,139994,849,FALSE,168484,Employed,Low,7359,1,1,1,1
219,Customer 219,58,116194,680,TRUE,235612,Retired,High,8863,0,1,1,1
220,Customer 220,50,148782,762,TRUE,209411,Self-employed,Low,4228,0,0,1,1
221,Customer 221,61,126757,569,TRUE,4703,Self-employed,High,4719,0,1,1,0
222,Customer 222,53,50849,666,FALSE,207779,Self-employed,Low,3371,1,0,1,0
223,Customer 223,56,37201,792,FALSE,249474,Unemployed,Medium,3891,1,0,1,1
224,Customer 224,35,109878,774,FALSE,243286,Retired,Low,4756,0,0,1,1
225,Customer 225,61,91061,551,TRUE,135720,Unemployed,Low,5225,1,0,1,0
226,Customer 226,64,123317,780,FALSE,101520,Unemployed,Medium,1094,0,1,1,1
227,Customer 227,45,92649,712,FALSE,143660,Employed,Low,3674,0,1,1,1
228,Customer 228,48,143154,559,FALSE,202332,Unemployed,Medium,7898,1,0,1,0
229,Customer 229,29,136453,806,TRUE,108856,Employed,Low,1793,0,0,1,1
230,Customer 230,37,132803,670,TRUE,232944,Employed,High,3116,1,1,1,0
231,Customer 231,61,104671,705,TRUE,181180,Unemployed,High,6779,0,1,1,0
232,Customer 232,19,91504,842,TRUE,132130,Retired,Low,7166,0,0,1,1
233,Customer 233,54,53404,608,FALSE,119273,Retired,Low,1814,0,1,1,1
234,Customer 234,67,26239,800,TRUE,146470,Retired,Low,1345,0,1,1,1
235,Customer 235,64,31570,727,TRUE,22911,Retired,High,9554,1,0,1,0
236,Customer 236,62,103131,783,FALSE,154268,Retired,Low,3443,0,1,1,1
237,Customer 237,55,62380,635,FALSE,186481,Unemployed,High,8783,1,0,1,0
238,Customer 238,43,61487,781,TRUE,54061,Unemployed,Medium,1984,0,1,1,1
239,Customer 239,18,56890,836,TRUE,158056,Self-employed,High,8790,0,0,1,1
240,Customer 240,45,94569,741,TRUE,158280,Retired,High,1827,1,0,1,1
241,Customer 241,30,110150,647,FALSE,4114,Unemployed,Medium,4531,0,0,1,1
242,Customer 242,30,124304,828,FALSE,237565,Self-employed,High,8147,0,1,1,1
243,Customer 243,24,116736,762,TRUE,100494,Retired,Low,5451,0,0,1,1
244,Customer 244,46,128896,773,FALSE,109834,Employed,Low,4876,0,1,1,1
245,Customer 245,25,146805,814,FALSE,240069,Self-employed,High,6959,0,0,1,1
246,Customer 246,46,26177,702,TRUE,158670,Unemployed,Low,1126,1,0,1,0
247,Customer 247,53,134326,592,TRUE,189420,Employed,High,4177,0,1,1,1
248,Customer 248,40,89106,666,TRUE,36914,Employed,Low,9795,0,0,1,0
249,Customer 249,21,103612,690,FALSE,7151,Employed,Low,7024,0,1,1,1
250,Customer 250,63,61378,706,FALSE,195229,Self-employed,High,6109,0,1,1,1
251,Customer 251,19,69976,626,TRUE,230662,Unemployed,Low,5146,0,0,1,1
252,Customer 252,61,73713,588,FALSE,205244,Employed,High,8196,0,0,1,0
253,Customer 253,53,144891,812,TRUE,144745,Retired,Low,4368,0,0,1,1
254,Customer 254,30,105758,667,FALSE,37384,Employed,Low,4797,0,1,1,1
255,Customer 255,27,101153,670,TRUE,232601,Employed,Medium,2792,0,0,1,0
256,Customer 256,54,145387,599,FALSE,88920,Self-employed,Medium,6732,0,1,1,1
257,Customer 257,36,106571,791,FALSE,225952,Self-employed,High,4476,0,0,1,1
258,Customer 258,38,74104,699,FALSE,40390,Unemployed,Medium,4417,0,0,1,0
259,Customer 259,28,82993,627,FALSE,112418,Retired,High,2645,0,0,1,1
260,Customer 260,38,119018,591,TRUE,55754,Self-employed,Medium,4030,0,1,1,1
261,Customer 261,63,85946,617,TRUE,170604,Employed,Low,3872,0,1,1,1
262,Customer 262,57,137356,713,TRUE,234565,Unemployed,High,4072,0,1,1,1
263,Customer 263,30,97240,679,TRUE,125703,Employed,High,2854,1,0,1,0
264,Customer 264,25,149465,616,FALSE,150273,Employed,Low,5021,0,0,1,0
265,Customer 265,34,143562,835,FALSE,192035,Self-employed,High,5662,0,0,1,1
266,Customer 266,46,35526,757,FALSE,160400,Unemployed,High,7514,0,1,1,1
267,Customer 267,37,35754,693,TRUE,48231,Retired,Medium,6031,0,0,1,0
268,Customer 268,22,145787,797,FALSE,217029,Retired,High,3708,0,1,1,1
269,Customer 269,49,144968,821,FALSE,147235,Self-employed,Low,8112,1,1,1,1
270,Customer 270,67,149481,807,TRUE,127810,Self-employed,Medium,9393,1,1,1,1
271,Customer 271,40,43073,745,FALSE,65450,Unemployed,Medium,4507,0,0,1,1
272,Customer 272,39,95971,650,FALSE,25169,Retired,Low,7456,0,0,1,0
273,Customer 273,47,85631,707,FALSE,204872,Retired,Low,5212,0,0,1,0
274,Customer 274,19,81154,679,FALSE,225545,Retired,Medium,8970,0,0,1,1
275,Customer 275,19,99520,802,FALSE,162624,Employed,High,9766,0,0,1,1
276,Customer 276,33,62685,787,TRUE,23429,Retired,Medium,1536,0,0,1,1
277,Customer 277,30,73244,574,FALSE,7967,Employed,Low,2625,1,0,1,0
278,Customer 278,49,119299,690,FALSE,35262,Unemployed,Medium,8973,0,1,1,1
279,Customer 279,46,102866,803,TRUE,39922,Employed,Low,9577,0,1,1,0
280,Customer 280,36,67913,815,TRUE,119863,Unemployed,Medium,9070,0,0,1,1
281,Customer 281,26,54794,698,TRUE,97359,Retired,High,9666,0,0,1,1
282,Customer 282,50,122539,809,FALSE,172851,Retired,Medium,9609,0,1,1,1
283,Customer 283,69,123723,673,TRUE,71229,Unemployed,Medium,7490,0,0,1,0
284,Customer 284,52,121774,704,TRUE,235516,Self-employed,Low,4600,1,1,1,0
285,Customer 285,22,86949,732,FALSE,204366,Unemployed,Low,7783,0,0,1,1
286,Customer 286,27,49022,614,TRUE,187604,Self-employed,Low,5971,0,0,1,0
287,Customer 287,35,72076,722,TRUE,201403,Employed,Medium,2205,0,0,1,1
288,Customer 288,38,142043,805,FALSE,128563,Employed,High,2990,1,0,1,1
289,Customer 289,35,46223,776,FALSE,186388,Employed,Low,6299,0,0,1,1
290,Customer 290,30,142360,654,TRUE,104576,Retired,Low,4572,0,1,1,1
291,Customer 291,65,31172,646,FALSE,221972,Employed,Medium,6975,0,1,1,0
292,Customer 292,28,117961,813,TRUE,204688,Self-employed,Low,7320,0,1,1,1
293,Customer 293,41,81492,618,TRUE,173063,Employed,High,5380,1,0,1,0
294,Customer 294,25,85920,636,FALSE,89570,Unemployed,High,5757,0,0,1,0
295,Customer 295,34,108588,697,FALSE,48355,Unemployed,Low,3713,0,1,1,0
296,Customer 296,69,135990,760,TRUE,104797,Retired,Low,6588,0,1,1,1
297,Customer 297,25,30439,687,FALSE,154960,Unemployed,Medium,1966,0,0,1,0
298,Customer 298,25,143527,598,TRUE,190632,Self-employed,High,5944,0,0,1,1
299,Customer 299,67,71857,698,TRUE,108212,Employed,High,4432,0,1,1,1
300,Customer 300,48,94519,837,TRUE,125200,Retired,Low,1688,0,1,1,1
301,Customer 301,26,47168,673,FALSE,145363,Employed,Medium,5243,0,0,1,1
302,Customer 302,61,118471,723,FALSE,179830,Employed,High,4701,0,1,1,1
303,Customer 303,66,62643,782,TRUE,15997,Self-employed,High,9533,1,0,1,0
304,Customer 304,57,80533,684,FALSE,58005,Unemployed,Medium,6182,0,1,1,1
305,Customer 305,42,68541,834,TRUE,119246,Unemployed,Medium,7704,0,1,1,1
306,Customer 306,67,69638,637,TRUE,66912,Employed,High,5422,0,1,1,1
307,Customer 307,20,33894,667,TRUE,104555,Retired,High,2759,0,0,1,0
308,Customer 308,54,54806,685,TRUE,180738,Unemployed,Medium,3482,1,0,1,0
309,Customer 309,52,46727,559,TRUE,156570,Retired,High,9058,0,1,1,1
310,Customer 310,58,92695,562,FALSE,141877,Unemployed,Low,1951,0,1,1,1
311,Customer 311,34,88437,563,FALSE,117322,Retired,Low,9914,0,0,1,1
312,Customer 312,48,30110,619,TRUE,9596,Self-employed,Medium,3079,1,0,1,0
313,Customer 313,37,43313,573,FALSE,103892,Retired,Medium,3717,0,0,1,1
314,Customer 314,57,144654,751,TRUE,146451,Self-employed,Medium,5524,0,1,1,1
315,Customer 315,24,93099,770,FALSE,95286,Self-employed,Low,9477,0,0,1,1
316,Customer 316,41,90697,707,TRUE,137069,Retired,High,8311,0,1,1,1
317,Customer 317,39,74815,658,TRUE,175006,Self-employed,Low,8186,0,0,1,0
318,Customer 318,36,82775,722,TRUE,165009,Employed,High,3065,1,0,1,1
319,Customer 319,69,75288,800,FALSE,21621,Self-employed,Low,1768,0,1,1,1
320,Customer 320,50,84792,747,TRUE,231109,Unemployed,High,6490,1,0,1,1
321,Customer 321,31,141859,624,TRUE,226876,Retired,Low,7645,0,1,1,1
322,Customer 322,67,71850,656,TRUE,166597,Employed,Medium,6083,0,1,1,0
323,Customer 323,62,109530,794,FALSE,212978,Retired,Low,6232,0,1,1,1
324,Customer 324,46,32999,598,FALSE,160381,Unemployed,High,6797,0,1,1,1
325,Customer 325,56,30105,678,TRUE,144565,Unemployed,Low,5926,1,0,1,0
326,Customer 326,61,62051,606,FALSE,154324,Unemployed,Low,7016,0,1,0,1
327,Customer 327,59,117573,769,FALSE,148087,Self-employed,Low,4335,0,1,0,1
328,Customer 328,33,125318,655,TRUE,96044,Self-employed,Medium,9038,1,0,1,0
329,Customer 329,60,27643,799,FALSE,102304,Retired,Low,5873,0,1,1,1
330,Customer 330,23,121894,709,TRUE,238511,Retired,Medium,2481,0,0,1,1
331,Customer 331,38,75601,703,TRUE,151716,Employed,Medium,7305,0,0,1,1
332,Customer 332,38,53228,680,TRUE,87896,Employed,Low,4451,0,0,1,1
333,Customer 333,29,106912,710,FALSE,146424,Retired,Low,1054,1,1,1,0
334,Customer 334,39,44446,838,FALSE,202779,Self-employed,Low,8643,0,0,1,1
335,Customer 335,58,80718,635,FALSE,240225,Unemployed,High,4462,1,0,1,0
336,Customer 336,27,38140,554,FALSE,65633,Retired,Low,1832,0,0,1,0
337,Customer 337,65,103258,674,TRUE,221095,Employed,Medium,6954,0,0,1,0
338,Customer 338,27,41994,741,FALSE,63878,Self-employed,Low,9519,0,0,1,1
339,Customer 339,37,99905,617,FALSE,142055,Retired,High,8221,0,0,1,1
340,Customer 340,32,43133,665,TRUE,6823,Retired,Low,4310,0,0,1,1
341,Customer 341,45,64961,615,FALSE,91179,Self-employed,High,4300,0,1,1,0
342,Customer 342,59,66971,776,TRUE,210097,Retired,High,7722,1,0,1,1
343,Customer 343,68,119986,817,FALSE,152872,Self-employed,Low,8218,0,0,1,1
344,Customer 344,54,32239,604,FALSE,37991,Unemployed,Medium,8776,0,1,1,1
345,Customer 345,59,31971,817,TRUE,65794,Self-employed,High,4675,0,1,1,1
346,Customer 346,67,26898,589,TRUE,89087,Self-employed,Low,4054,0,1,1,1
347,Customer 347,54,137507,725,FALSE,186733,Self-employed,Low,8970,1,0,1,1
348,Customer 348,36,27591,686,TRUE,156222,Retired,Medium,3143,0,0,1,0
349,Customer 349,38,140357,818,FALSE,26170,Retired,High,6207,0,0,0,0
350,Customer 350,44,33004,574,FALSE,155289,Self-employed,High,3538,0,0,1,0
351,Customer 351,52,40036,814,TRUE,81835,Retired,Low,5547,0,1,1,1
352,Customer 352,61,43888,762,FALSE,190237,Employed,Low,6619,1,0,1,1
353,Customer 353,45,110751,767,FALSE,176168,Employed,Medium,9356,0,1,1,1
354,Customer 354,64,54009,624,FALSE,137488,Retired,Medium,7612,0,1,1,1
355,Customer 355,61,43058,820,FALSE,87969,Retired,High,6005,1,0,1,1
356,Customer 356,52,99663,797,FALSE,28795,Self-employed,High,1822,1,0,1,0
357,Customer 357,25,61598,677,TRUE,224884,Unemployed,Low,1943,0,0,1,0
358,Customer 358,69,73781,588,TRUE,141521,Retired,High,7150,0,1,1,0
359,Customer 359,50,111661,800,FALSE,146295,Employed,Medium,5425,1,1,1,1
360,Customer 360,55,90677,649,TRUE,235037,Self-employed,Medium,9966,0,1,1,0
361,Customer 361,37,133400,830,FALSE,18351,Retired,Low,3198,0,1,1,1
362,Customer 362,63,40282,824,TRUE,179272,Employed,Medium,5242,0,1,1,1
363,Customer 363,36,77142,669,FALSE,43472,Employed,Medium,4695,0,0,1,0
364,Customer 364,26,84711,710,TRUE,247522,Unemployed,Medium,4452,0,0,1,0
365,Customer 365,47,123344,745,FALSE,81768,Self-employed,Medium,2308,0,1,1,1
366,Customer 366,63,79869,669,FALSE,97136,Self-employed,Low,5177,0,1,1,1
367,Customer 367,29,79306,816,TRUE,210223,Unemployed,Low,9705,0,0,1,1
368,Customer 368,54,67946,721,TRUE,46403,Unemployed,High,7852,1,0,1,0
369,Customer 369,34,111497,765,FALSE,137653,Self-employed,Medium,7035,0,0,1,1
370,Customer 370,63,89046,564,TRUE,89906,Self-employed,High,4594,1,0,1,0
371,Customer 371,37,86944,706,FALSE,162331,Retired,Low,5841,0,0,1,0
372,Customer 372,39,55795,616,FALSE,248154,Retired,Low,2409,1,0,1,0
373,Customer 373,18,57327,636,FALSE,28933,Unemployed,Low,5566,0,0,1,0
374,Customer 374,44,65583,642,FALSE,5410,Retired,Low,5491,1,0,1,0
375,Customer 375,37,121055,726,FALSE,58557,Employed,Low,2555,0,1,1,1
376,Customer 376,60,119611,639,FALSE,143677,Retired,Low,1804,0,1,1,0
377,Customer 377,60,90333,782,TRUE,130576,Retired,Low,2279,0,1,1,1
378,Customer 378,38,60634,608,TRUE,22207,Employed,Medium,8083,0,0,1,1
379,Customer 379,63,106554,676,FALSE,242247,Unemployed,High,6986,0,1,1,0
380,Customer 380,29,97124,789,FALSE,113816,Employed,Low,6619,0,0,1,1
381,Customer 381,63,104190,707,FALSE,23377,Retired,Medium,2387,0,1,0,1
382,Customer 382,19,63211,710,FALSE,99239,Unemployed,Medium,3679,0,0,1,0
383,Customer 383,66,127112,792,TRUE,167708,Retired,High,3106,0,1,1,1
384,Customer 384,27,76649,815,TRUE,105848,Employed,Low,9173,0,0,1,1
385,Customer 385,45,42154,633,TRUE,137103,Employed,High,5223,0,0,1,0
386,Customer 386,57,47785,630,TRUE,220972,Retired,Low,5831,0,1,1,1
387,Customer 387,38,62437,598,TRUE,7461,Self-employed,Medium,3768,0,0,1,1
388,Customer 388,38,104285,656,TRUE,167860,Self-employed,Medium,4186,0,1,1,1
389,Customer 389,47,61027,837,TRUE,54312,Employed,Medium,3573,0,1,1,1
390,Customer 390,40,107279,624,TRUE,66677,Employed,Medium,3599,0,1,1,1
391,Customer 391,50,133439,716,TRUE,68803,Self-employed,High,5033,0,1,1,1
392,Customer 392,18,118376,596,FALSE,17297,Self-employed,Low,9428,0,0,1,1
393,Customer 393,28,36120,843,FALSE,249459,Retired,Low,2304,0,0,1,1
394,Customer 394,55,120040,580,TRUE,138141,Retired,High,8368,0,1,1,1
395,Customer 395,20,145906,594,TRUE,222441,Self-employed,Low,6877,0,0,1,0
396,Customer 396,67,43693,674,FALSE,204923,Retired,Medium,2301,0,1,1,1
397,Customer 397,52,52734,683,TRUE,25372,Retired,Low,3541,0,1,1,1
398,Customer 398,64,39973,658,TRUE,134308,Unemployed,Medium,3051,0,1,1,1
399,Customer 399,30,101449,591,FALSE,82302,Retired,High,7809,0,1,1,1
400,Customer 400,61,25138,641,TRUE,58478,Employed,Low,9633,0,1,1,1
401,Customer 401,28,38283,822,FALSE,177912,Retired,High,9996,0,0,1,1
402,Customer 402,36,102988,557,FALSE,92021,Retired,Low,1074,0,1,1,1
403,Customer 403,44,26140,816,FALSE,159380,Self-employed,Medium,7981,1,0,0,1
404,Customer 404,28,51086,554,FALSE,160761,Employed,High,6475,0,0,1,0
405,Customer 405,23,122808,696,FALSE,203774,Retired,Low,9232,0,0,1,1
406,Customer 406,53,97805,624,TRUE,193226,Retired,Medium,8184,0,1,1,1
407,Customer 407,68,61593,728,FALSE,18354,Unemployed,High,6796,0,1,1,1
408,Customer 408,64,76971,712,TRUE,8016,Retired,High,8141,0,1,1,1
409,Customer 409,66,40072,696,TRUE,242700,Retired,Low,2622,1,0,1,0
410,Customer 410,48,115102,757,FALSE,217770,Unemployed,Low,9041,0,1,1,1
411,Customer 411,27,47313,675,TRUE,49847,Self-employed,Low,1341,1,0,1,0
412,Customer 412,47,81622,712,FALSE,11590,Retired,Medium,3074,0,1,1,0
413,Customer 413,24,37866,614,TRUE,120356,Unemployed,Low,8992,0,0,1,1
414,Customer 414,57,103471,737,FALSE,94754,Employed,High,1645,0,1,1,1
415,Customer 415,57,118718,814,TRUE,132453,Self-employed,High,5263,1,0,1,1
416,Customer 416,52,143343,808,FALSE,218401,Employed,Low,9801,1,1,1,1
417,Customer 417,36,128546,565,FALSE,187771,Employed,Low,7136,0,0,1,0
418,Customer 418,55,130659,562,FALSE,68487,Unemployed,High,9646,0,1,1,1
419,Customer 419,31,95263,604,TRUE,28454,Retired,Medium,3969,0,0,1,1
420,Customer 420,34,40592,707,TRUE,192274,Unemployed,Low,4028,0,0,1,1
421,Customer 421,42,138365,580,FALSE,89571,Unemployed,Low,8643,1,0,1,0
422,Customer 422,69,50235,709,FALSE,107507,Unemployed,High,3681,0,1,1,1
423,Customer 423,41,122102,571,TRUE,56071,Unemployed,Low,4629,0,1,1,1
424,Customer 424,48,37237,839,TRUE,7016,Self-employed,Medium,5225,0,1,1,1
425,Customer 425,66,114678,790,FALSE,26917,Retired,High,4067,0,1,1,0
426,Customer 426,40,87551,813,FALSE,201884,Employed,Low,6941,0,0,1,1
427,Customer 427,28,128032,614,FALSE,113550,Employed,High,2386,1,0,1,0
428,Customer 428,30,116218,726,TRUE,170201,Retired,Low,3866,0,0,1,1
429,Customer 429,44,69760,669,TRUE,98538,Employed,Low,5788,1,0,1,0
430,Customer 430,54,83272,573,FALSE,202440,Retired,Low,6490,0,1,1,0
431,Customer 431,37,130426,760,TRUE,153077,Employed,Medium,5124,0,1,1,1
432,Customer 432,56,43971,590,FALSE,123106,Unemployed,Medium,9340,0,0,0,0
433,Customer 433,58,99619,562,TRUE,211841,Employed,High,4850,1,0,1,0
434,Customer 434,26,45808,715,TRUE,239446,Retired,Low,6415,0,0,1,1
435,Customer 435,62,82505,765,FALSE,186693,Retired,Low,8679,0,1,1,1
436,Customer 436,45,72591,614,TRUE,204088,Retired,Medium,7819,0,0,1,0
437,Customer 437,27,80860,593,TRUE,20132,Retired,Low,9378,0,0,1,0
438,Customer 438,41,61609,687,FALSE,167093,Retired,Medium,2333,1,0,1,0
439,Customer 439,46,86610,777,TRUE,151379,Self-employed,Low,5150,0,1,1,1
440,Customer 440,45,68791,724,FALSE,3866,Self-employed,High,7766,0,1,1,0
441,Customer 441,59,96354,724,FALSE,30431,Employed,Low,3711,0,1,1,1
442,Customer 442,50,80350,556,FALSE,244266,Retired,Low,5853,0,0,1,0
443,Customer 443,53,89110,709,FALSE,210375,Employed,Medium,7212,1,0,1,0
444,Customer 444,39,87522,681,TRUE,92769,Retired,Low,8479,0,0,1,1
445,Customer 445,45,77428,628,FALSE,112217,Retired,Low,6408,0,1,1,1
446,Customer 446,26,123934,682,TRUE,61215,Self-employed,Medium,8715,0,0,1,1
447,Customer 447,39,107152,566,FALSE,77240,Self-employed,High,9942,0,1,1,1
448,Customer 448,42,71473,816,FALSE,247754,Unemployed,High,2762,0,1,1,1
449,Customer 449,66,57430,601,TRUE,90270,Self-employed,Medium,8101,0,1,1,1
450,Customer 450,67,36033,790,FALSE,231072,Unemployed,Medium,8674,1,0,1,1
451,Customer 451,32,109703,610,FALSE,195877,Unemployed,Medium,7122,0,1,1,1
452,Customer 452,39,113509,759,TRUE,67293,Unemployed,Medium,1481,0,1,1,1
453,Customer 453,47,63405,642,FALSE,93344,Unemployed,Medium,1153,1,0,1,0
454,Customer 454,65,97010,599,TRUE,112911,Unemployed,High,8617,0,1,1,1
455,Customer 455,52,50851,597,FALSE,87178,Employed,High,2524,0,0,1,0
456,Customer 456,42,88761,568,FALSE,161945,Self-employed,Medium,3120,1,0,1,0
457,Customer 457,61,124186,834,TRUE,155892,Unemployed,Low,3343,1,1,1,1
458,Customer 458,19,75081,796,FALSE,36191,Retired,Medium,6136,0,0,1,1
459,Customer 459,18,81746,588,FALSE,87893,Self-employed,Low,6760,0,0,1,1
460,Customer 460,39,52691,686,FALSE,212123,Self-employed,Medium,2240,0,0,1,0
461,Customer 461,60,49532,765,FALSE,205743,Unemployed,Medium,1060,0,1,1,1
462,Customer 462,39,117772,704,TRUE,40695,Employed,High,2639,0,0,1,0
463,Customer 463,44,80841,678,TRUE,9171,Unemployed,Low,7185,0,1,1,1
464,Customer 464,47,131082,662,TRUE,53521,Employed,Low,8970,0,1,1,1
465,Customer 465,69,29956,730,FALSE,249459,Retired,High,2252,0,0,1,1
466,Customer 466,27,37602,752,TRUE,218512,Self-employed,High,5203,1,0,1,1
467,Customer 467,51,89503,786,TRUE,133943,Retired,High,9363,0,1,1,1
468,Customer 468,52,84979,831,TRUE,42998,Employed,High,4549,0,1,1,1
469,Customer 469,43,70607,682,FALSE,139347,Employed,Low,5197,0,0,1,0
470,Customer 470,69,126484,770,TRUE,144941,Retired,Low,8009,0,1,1,1
471,Customer 471,32,70026,744,TRUE,161980,Employed,Medium,7667,0,0,1,1
472,Customer 472,51,72068,573,FALSE,122808,Retired,Medium,3322,1,0,1,0
473,Customer 473,69,139966,618,TRUE,163324,Self-employed,High,5090,0,1,1,1
474,Customer 474,23,59148,687,FALSE,38578,Retired,High,7960,0,0,1,1
475,Customer 475,64,100715,587,TRUE,157636,Self-employed,High,4004,0,1,1,1
476,Customer 476,67,85957,739,TRUE,147661,Retired,Medium,6136,0,1,1,1
477,Customer 477,65,126754,596,FALSE,2708,Employed,Medium,1329,0,1,1,1
478,Customer 478,33,135138,836,FALSE,228094,Retired,Medium,4640,0,1,1,1
479,Customer 479,26,99704,688,TRUE,225091,Employed,Medium,8982,0,0,1,0
480,Customer 480,69,103958,702,TRUE,234686,Retired,Medium,5107,0,1,1,1
481,Customer 481,68,102603,630,TRUE,138335,Retired,Medium,2341,1,0,1,0
482,Customer 482,18,116118,716,TRUE,215516,Unemployed,Medium,9407,0,1,1,0
483,Customer 483,30,87021,811,TRUE,41520,Employed,High,1338,0,0,1,1
484,Customer 484,65,25174,658,TRUE,75225,Unemployed,High,6895,1,0,1,0
485,Customer 485,53,75719,677,TRUE,34675,Employed,High,3708,0,0,1,0
486,Customer 486,50,75445,711,TRUE,216914,Unemployed,High,2750,0,1,1,1
487,Customer 487,36,43624,832,FALSE,67391,Self-employed,Medium,6604,0,0,0,1
488,Customer 488,29,77815,592,FALSE,27798,Retired,Low,3421,1,0,1,0
489,Customer 489,39,42266,556,TRUE,11442,Employed,Medium,8119,0,0,1,1
490,Customer 490,69,62327,673,TRUE,59722,Employed,Low,9901,0,1,1,1
491,Customer 491,29,91960,646,FALSE,31802,Retired,High,6319,0,0,1,1
492,Customer 492,67,143639,568,TRUE,221635,Employed,Medium,7609,0,1,1,1
493,Customer 493,30,71163,731,TRUE,221311,Employed,High,6387,0,0,1,1
494,Customer 494,46,128159,578,TRUE,25991,Unemployed,Medium,4993,0,1,1,0
495,Customer 495,46,123505,566,FALSE,156989,Employed,High,9680,0,1,1,1
496,Customer 496,22,138745,768,FALSE,32088,Self-employed,Low,9044,0,0,1,1
497,Customer 497,33,128937,673,FALSE,97718,Self-employed,Low,9238,0,0,1,1
498,Customer 498,44,119876,779,FALSE,195691,Retired,Low,5873,0,1,1,1
499,Customer 499,52,51990,839,TRUE,111072,Employed,Medium,5806,0,1,1,1
500,Customer 500,65,70800,649,TRUE,2642,Retired,Low,9592,0,0,1,0
